,year,capita_income
0,2017,38803.29886874952
1,2018,39631.763943972066
2,2019,40460.22901919484
3,2020,41288.69409441762
4,2021,42117.15916964039
5,2022,42945.624244862935
